{
    "accuracy": 0.8695,
    "f1_score": 0.8704,
    "labels": [
      "A",
      "A+",
      "B",
      "C",
      "D",
      "E",
      "F"
    ],
    "confusion_matrix": [
      [
        286,
        1,
        20,
        8,
        5,
        17,
        2
      ],
      [
        0,
        339,
        0,
        0,
        0,
        0,
        0
      ],
      [
        24,
        0,
        283,
        6,
        7,
        16,
        3
      ],
      [
        18,
        0,
        21,
        267,
        8,
        22,
        4
      ],
      [
        9,
        1,
        13,
        11,
        293,
        10,
        2
      ],
      [
        22,
        0,
        12,
        5,
        3,
        297,
        0
      ],
      [
        8,
        0,
        12,
        5,
        5,
        10,
        300
      ]
    ],
    "report": {
      "A": {
        "precision": 0.779291553133515,
        "recall": 0.8436578171091446,
        "f1-score": 0.8101983002832861,
        "support": 339.0
      },
      "A+": {
        "precision": 0.9941348973607038,
        "recall": 1.0,
        "f1-score": 0.9970588235294118,
        "support": 339.0
      },
      "B": {
        "precision": 0.7839335180055401,
        "recall": 0.8348082595870207,
        "f1-score": 0.8085714285714286,
        "support": 339.0
      },
      "C": {
        "precision": 0.8841059602649006,
        "recall": 0.7852941176470588,
        "f1-score": 0.8317757009345794,
        "support": 340.0
      },
      "D": {
        "precision": 0.9127725856697819,
        "recall": 0.8643067846607669,
        "f1-score": 0.8878787878787879,
        "support": 339.0
      },
      "E": {
        "precision": 0.7983870967741935,
        "recall": 0.8761061946902655,
        "f1-score": 0.8354430379746836,
        "support": 339.0
      },
      "F": {
        "precision": 0.9646302250803859,
        "recall": 0.8823529411764706,
        "f1-score": 0.9216589861751152,
        "support": 340.0
      },
      "accuracy": 0.8694736842105263,
      "macro avg": {
        "precision": 0.8738936908984317,
        "recall": 0.8695037306958182,
        "f1-score": 0.8703692950496131,
        "support": 2375.0
      },
      "weighted avg": {
        "precision": 0.8739361956578204,
        "recall": 0.8694736842105263,
        "f1-score": 0.8703746407746703,
        "support": 2375.0
      }
    },
    "per_class_f1": [
      0.8102,
      0.9971,
      0.8086,
      0.8318,
      0.8879,
      0.8354,
      0.9217
    ]
  }